# 설문 결과 템플릿 - 작성 안내,,,,,,,,,,,,,,,,,,,,,,,,,,,,,,,,,,,,,,,,,,,,,,,,,,,,,,,,,,,,,,,,,,,,,,,,,,,,,,,,,,,,,,,,,,,,,,,,,,,,,,,,,,,,,,,,,,,,,,,,,,,,,,,,,,,,,,,,,,,,,,,,,,,,,,,,,,,,,,,,,,,,,,
# 1. 응답자ID 열은 고유한 값으로 유지해야 합니다. 각 참여자마다 다른 ID를 사용하세요.,,,,,,,,,,,,,,,,,,,,,,,,,,,,,,,,,,,,,,,,,,,,,,,,,,,,,,,,,,,,,,,,,,,,,,,,,,,,,,,,,,,,,,,,,,,,,,,,,,,,,,,,,,,,,,,,,,,,,,,,,,,,,,,,,,,,,,,,,,,,,,,,,,,,,,,,,,,,,,,,,,,,,,
# 2. 타임스탬프는 ISO 형식(YYYY-MM-DDTHH:MM:SS)으로 입력하거나 ##########를 그대로 두세요.,,,,,,,,,,,,,,,,,,,,,,,,,,,,,,,,,,,,,,,,,,,,,,,,,,,,,,,,,,,,,,,,,,,,,,,,,,,,,,,,,,,,,,,,,,,,,,,,,,,,,,,,,,,,,,,,,,,,,,,,,,,,,,,,,,,,,,,,,,,,,,,,,,,,,,,,,,,,,,,,,,,,,,
# 3. 각 질문에 대한 응답을 해당 열에 입력하세요.,,,,,,,,,,,,,,,,,,,,,,,,,,,,,,,,,,,,,,,,,,,,,,,,,,,,,,,,,,,,,,,,,,,,,,,,,,,,,,,,,,,,,,,,,,,,,,,,,,,,,,,,,,,,,,,,,,,,,,,,,,,,,,,,,,,,,,,,,,,,,,,,,,,,,,,,,,,,,,,,,,,,,,
# 4. 이 행들은 업로드 시 무시됩니다. (앞의 # 기호를 제거하지 마세요),,,,,,,,,,,,,,,,,,,,,,,,,,,,,,,,,,,,,,,,,,,,,,,,,,,,,,,,,,,,,,,,,,,,,,,,,,,,,,,,,,,,,,,,,,,,,,,,,,,,,,,,,,,,,,,,,,,,,,,,,,,,,,,,,,,,,,,,,,,,,,,,,,,,,,,,,,,,,,,,,,,,,,
#,,,,,,,,,,,,,,,,,,,,,,,,,,,,,,,,,,,,,,,,,,,,,,,,,,,,,,,,,,,,,,,,,,,,,,,,,,,,,,,,,,,,,,,,,,,,,,,,,,,,,,,,,,,,,,,,,,,,,,,,,,,,,,,,,,,,,,,,,,,,,,,,,,,,,,,,,,,,,,,,,,,,,,
respondent_id,timestamp,47a0729b-b514-4094-b5ff-29f4030e0b59,69907928-8f3a-4542-afdc-70c6c986cbd1,63c53abd-56a4-4529-901b-9d802f9c055f,3d4f1828-c9a7-4838-82f6-bddfc04f9042,efa84ab4-1b0f-443a-bbea-e7d4d9479f19,a31c2159-f0ef-4159-8969-dbe777d612d0,65def3f4-dc9b-45a6-ae7d-52d62b4cdd4d,05d162d5-ce13-411b-b598-4bef27730654,f5f98bae-bb03-417c-ae01-69dbe0df63f4,58d9773b-9f74-414e-bf8c-9605f28be6e5,d65ede38-4a8d-44a3-b80c-51ee5fb34d0c,46e74c03-0e87-4132-a3ff-36f0f6ae62d3,f24429b2-2e0d-4d31-92db-7767a15bb977,0401deeb-85ab-423c-a354-ddd8aea63135,58f347b8-42b0-4087-9285-ef064c4dd0d7,79ed4f0e-61a7-444e-950f-d080923b8ea6,d311cb16-3ec9-4bf3-90fa-adfe75245664,a8d0dda0-f938-4027-a336-02b067904732,c1a3848f-b932-4070-bb3e-bc5770b0381a,3ca624ac-397d-4621-a000-c2fa79361945,4be3ae35-0b8c-4486-b9aa-6c7beb5e7079,07f5d221-fae2-4080-b5d8-434fda2a5f4e,d0ed1ab3-8865-4eaf-9035-e42f5a87d5b0,a97d09fa-00ce-4a01-aaeb-240437a2d6ed,493b88c8-ba8a-4cbe-85d9-720ae40ef169,063128a2-efe3-474d-aabb-3de93b9a95de,d884e8c2-56f6-418d-a037-83ad39aeff62,ea19b699-d647-48db-ad00-5b78d2317d59,c15b7fb5-3e03-4f52-a8e9-5b84d46a4dd3,5f59063f-26c5-43df-a452-42d8a1311396,0d4f153b-ea30-41d0-aa22-fea6c5c3b4d5,d247b5d6-3cda-4d52-8314-3acb53fdba8d,f7211e84-8ec6-46ab-9c92-dc6147c0abdb,61473683-61b5-4eba-bb08-70f2ea32fdbf,47c96123-7ed2-4db2-b8ff-4c997785c710,3e24b98e-8537-4a30-90ac-5b2e2a6a7a11,d9969e6d-b3d2-4617-b43e-1520bc5ec561,205a7e8f-cbf5-43a6-a854-fa0847aea363,e064ef5b-8f21-4833-bb98-c14300e8acc1,3e83f41e-404b-4b6f-be26-ad93444b4f60,cd2e5407-0daa-4784-a0a3-a9742181ae05,366707cd-0874-4e4a-a7ee-166cd5056dfd,3161f29f-a285-4f49-a252-3be5896b3d3a,ecdca359-e36b-4a07-880d-192f86f5ca47,82069681-7cf3-40c7-9d2d-85840c30a6f8,b531e178-df49-4ff4-9237-2803f87210c0,39ac77e2-a66a-41e8-bd46-7451502656da,d532a403-1b44-4f66-9eab-142554beaa9d,58383ed2-f058-4985-b505-f7a19e384fc4,fa0bd2fb-93b7-494d-b290-ae2d55604e3f,f9eeba56-f5e8-40aa-9479-9ad0c2778103,cc8c9f9f-5ed9-4175-8514-845e12a429d8,ed5bc309-af15-4af3-8a95-9589753e3b3e,17f9554b-ed7a-4c90-8fc8-93fc968f529a,fb3e5c33-674a-45f4-90cf-b41ac01c391e,078ec94b-0dde-4988-82c2-34d92a088152,70ee4ce6-68a9-42fc-b0c2-ef8d1a97b112,6a2396f4-a733-4c17-a58a-3ceea0872bdd,2862175f-c8c9-4959-8662-c750da2a627b,1c2c37e4-c906-4acf-91f5-7a9b67ec6abf,3b52bbb2-6a11-40d5-a6e5-11ef6e432b6b,1a4e78f8-6874-4217-8827-1db54d48587e,5d7b8ba7-3124-4326-8585-a554ff2ce51b,2b0b9df5-07eb-452b-a671-a66bbec51b02,d52e6c05-23ad-4ffd-aaf0-5189da442d7a,28e512c4-6741-4ac3-9c91-a644ba1af882,17496cd0-faa5-49cd-9db6-5850938b01a7,58892290-6454-42d0-acbb-828449df1f22,7389327c-3a9f-48e8-ab67-20fb65457e72,48ce1804-9ce5-462b-a00f-1212837052e5,bf97835d-ef8a-4c78-ac94-c5fa41879060,ea801729-5499-4750-86db-4ca614ea5fa0,45acb335-a1da-46f6-9319-a5514d1e6bd6,e60a04fd-2d99-4f5f-8c93-4f995a025979,212fe86b-3398-48af-af33-f4dc08fcebfe,4345fa4f-205d-4dec-af50-9d00ae6fcc89,6c9b76ca-df56-48a6-84c6-bdd05223e78e,294cea63-a091-4f7a-9663-ad2d8deb38b5,c4990eb9-5be3-4ffc-a5e1-7b7f6c62be4b,356ecd85-e406-41af-9088-b7ec38b8a301,b23aa13e-c511-4fa5-b002-53fa404acd79,a0a1489c-4b51-4696-914e-2762e05e4502,4b441bc3-b459-4dc1-8cec-a4981bf8beca,54ee7860-a50b-4acc-8e4b-1f49c8e2ad09,12210b41-d9c8-497c-b6ce-a2ae4757886b,e64c3b57-ec1f-4599-8123-2755be82877b,57c53130-0a5b-4929-a0b5-7c90568b03a3,4e30d852-6e19-46eb-9e9b-7f4bd9de448c,959ef564-d516-4816-a6c8-e53ef1848b8b,2433661b-c146-4d79-ac18-4c808e49bb81,7606c12b-05bb-40a3-80c4-b4ed8fac2b29,0b2af756-6450-46a6-a763-78d15c3ab7f5,273456ec-565f-48ba-89d1-d8082a8bd6a7,87fba5fa-f8a6-4455-90c1-515eba09ea82,8c320f2e-4339-4a1f-98ca-31dd8414d15b,b76a5aaa-adb5-4d7b-ad61-a50a7f2bc051,485da2c1-4fcc-4fd8-ba27-f0b23b2405a9,7e0ea34d-9311-4ab8-a6cc-319ed8c96bc8,c32474dd-fd26-44cc-ab6e-848aaceb34ce,de4203a8-5895-4778-8638-5e7d56d26600,20c1a26e-6424-4ade-8f3a-191d90b6856a,9b010944-bcc5-4c8e-bc16-3ec58ecf29df,315a64fc-350c-4709-83dd-8371fa0e5351,b10cfe35-2585-4318-abb1-14643dcc5d57,3b7db6aa-4cbc-4323-bdf3-d8e933217093,981e9a81-c548-485a-9338-6bb46a78583e,a82b3944-6ca0-4d9b-b662-80744a743963,7192cd9d-8aa1-4da8-8d87-afaba5061dd2,9ee21fe6-ace9-4710-aa29-99892894f8b3,6d7fb2d9-5551-46aa-8f33-6994cf8f2c10,a0591ef1-f01c-4dcf-9d94-9ed2fba203d6,3afac808-cff0-455f-a6f8-20eddbd1fca1,c3879c7b-df57-41df-a354-7f8367b36010,d5d6696b-f8c8-420d-8b54-33b552aff30b,cc82d144-cb99-4cda-9f1d-71eebf187d85,dc6ab096-bcc9-4622-bf65-1079df72a087,12104b86-1cad-4073-9039-e3c7497aaca6,5f05d78e-bb54-4f0c-973b-12f9e2c4e18d,66aae78a-096d-4510-ae01-7be94725e462,b5ced4b8-a844-4ccb-b8c5-821ed7fcdfb8,3ed4e7fc-fec4-4477-9bfc-4bc08c1a4f2f,4a64e1c3-2dae-4af5-a67b-f7657a75f344,ca75e861-f0c4-4dea-95fa-8d960ac13ee7,01b175f1-5a66-451e-a139-1e47e9b18416,c30c3559-df3d-451f-9151-c4594114d5bc,03b25250-cf07-49da-9cdd-ea97ce09153a,293186da-c4d9-4527-9ca0-303adb6bdafc,d8f8e067-e70c-45e1-8f85-9ebb20279ee1,f8260514-71b7-423f-8bbd-bff418a1495c,9c56347a-1c23-4728-a4de-6c9ee6892b25,6bf6c64d-aafa-49df-944f-d182bd01af79,58f5607a-154a-4f01-8765-27fa4fd4d947,8242949f-2011-4a37-9aa8-c70ca06e0ddd,1c5ac6e6-6574-4a9a-8230-01842f4c2c43,d2be41f1-c796-4a79-936e-4c60b072f891,1693a9f1-d182-4a75-9de9-0f86e6901431,27922d48-a6df-45bb-b5a7-7843296c652c,92f5b2ca-026e-4e7b-80cf-3c77046cad5b,b1f21756-f6f6-44f8-8f31-35d2835686eb,8e5d99e5-1cd2-4bac-b50e-e9b283c1e251,c76f625b-8f72-492f-a7f3-7d02d7210d21,03c4edd7-e499-437c-9318-0c69dd037db3,52e81206-6f21-4234-a670-fff727ab219c,1bebe7b0-c08e-4e63-8cc2-1d572f96cb49,13eb35e5-814c-4947-8e00-6bcdd715bc82,df910f65-e17e-4b08-8487-f1d0e0b0f1b0,1d7306e4-d860-4328-851a-81828e717622,f447250c-cc4b-4352-bf60-84f4efe4a594,c0a5d10c-aa50-44fe-bade-eccf29f446b9,62749f56-8f57-41ad-ad20-7242a566c2c5,e34ba12d-756b-43cf-adb8-948ae602f9a9,452d8a7c-d76d-48c1-861d-d68129a87fec,b38764b8-87f4-4dcd-9954-5e8d085425fa,1419fb82-c544-4e2b-b438-c2272145f9f9,a4ffb865-db15-4e28-87f1-b31ea3251bdb,abfa2b63-2c6f-4351-beac-5888aad317a7,f9da91b8-ce58-4f23-9ca9-1e73116f7287,f2d7e273-383e-41a0-9a69-64c11625e979,da0475d6-85fa-4bb1-aeb3-a7bce6892af4,07ce15b3-5e33-4981-af86-62e615492889,1ff9a950-1267-4f7c-9dca-6a0f28993f53,615949c1-f55e-434c-99e8-9626d1182b89,3bfb5590-63b7-480a-98c7-bbd4331dce65,e049dc6b-03d2-466b-a2cb-5e7bc2fabe83,73faa374-727e-4b72-a0cc-7a5f9aaa819e
응답자ID,타임스탬프,당신의 소속은 어디입니까?,당신의 성별은 선택하세요.,당신의 연령대를 선택하세요.,당신의 학력을 선택하세요,전공을 선택하세요 (중복가능),혁신원 에서의 경력은 선택하세요.(중복가능),전체 경력을 선택하세요,자격증 보유 현황을 선택해주세요,사용가능한 프로그램및 기술을 선택하세요(중복가능),혁신원에 바라거나 하고싶은 말을 적으세요,1. 구성원들이 서로를 지원하며 도움을 주고받는 행동이...,2. 조직은 인간적인 관계를 중시하며， 구성원들에게 도...,3. 리더는 구성원들 간의 협력과 도움을 장려한다고 보...,4. 조직 내에서 구성원들은 서로의 성장을 돕기 위해 ...,5. 인간적-도움 행동이 조직 내 신뢰 형성에 기여한다...,6. 조직의 정책은 구성원들 간의 도움과 협력을 강조한...,7. 구성원들은 동료들이 어려운 상황에서 도움을 제공한...,8. 도움을 주는 행동이 조직 내 갈등을 줄이는 데 기...,9. 인간적-도움이 조직의 성과에 긍정적인 영향을 미친...,10. 조직은 인간적이고 도움을 주는 문화를 유지하려고...,1. 구성원들이 친근한 관계를 유지하는 것이 조직에서 ...,2. 조직은 구성원 간의 친화적 행동을 장려한다고 느끼...,3. 리더는 구성원들이 친근하고 긍정적인 분위기를 유지...,4. 구성원들은 동료들과의 관계를 유지하며 팀워크를 강...,5. 친화적인 행동이 조직의 화합과 협력에 기여한다고 ...,6. 조직의 정책은 구성원들 간의 유대감을 높이는 방향...,7. 구성원들은 조직 내에서 친밀한 관계를 유지하려고 ...,8. 친화적 행동이 구성원들의 만족도와 성과에 긍정적인...,9. 조직은 구성원들 간의 긍정적이고 친근한 문화를 형...,10. 친화적 행동이 조직 내 신뢰를 강화하는 데 중요...,1. 구성원들은 조직에서 인정받는 것을 얼마나 중요하게...,2. 조직은 구성원들에게 승인받는 행동을 기대한다고 느...,3. 리더는 승인받기 위한 행동을 장려한다고 보십니까?,4. 승인받는 행동이 조직 내 신뢰를 형성하는 데 기여...,5. 구성원들은 조직에서 승인받지 못할 경우 불안감을 ...,6. 조직의 정책은 승인받는 행동을 강조한다고 느끼십니...,7. 승인받는 행동이 조직의 협력 문화를 강화한다고 생...,8. 승인받기 위한 행동이 조직 내 성과 향상에 기여한...,9. 구성원들은 승인받는 행동이 조직에서 긍정적인 평가...,10. 승인받기 위한 노력이 조직 내 갈등을 줄이는 데...,1. 구성원들은 전통적인 방식이 조직 운영에 얼마나 중...,2. 조직은 구성원들에게 전통적인 규칙을 따르도록 기대...,3. 리더는 전통적인 규범을 강조한다고 보십니까?,4. 전통적인 행동이 조직의 안정성을 높인다고 생각하십...,5. 구성원들은 조직에서 전통적인 방식이 더 신뢰받는다...,6. 조직의 정책은 전통적 규범을 강화한다고 보십니까?,7. 전통적인 행동이 조직 내 협력과 조화를 촉진한다고...,8. 전통적인 사고방식이 조직의 장기적인 목표 달성에 ...,9. 구성원들은 전통적인 방식이 조직 내 갈등을 줄이는...,10. 조직은 전통적인 가치를 유지하는 데 중요하게 여...,1. 구성원들은 리더의 지시에 얼마나 의존한다고 느끼십...,2. 조직은 구성원들에게 독립적 행동보다는 의존적 행동...,3. 의존적 행동이 조직 내 안정성을 강화한다고 생각하...,4. 리더는 구성원들이 의존적으로 행동하도록 장려한다고...,5. 의존적인 행동이 조직 내 협력 강화에 기여한다고 ...,6. 구성원들은 조직에서 의존적인 태도가 더 안전하다고...,7. 조직의 정책은 의존적 행동을 촉진한다고 보십니까?,8. 의존적 행동이 구성원 간 갈등을 줄이는 데 효과적...,9. 구성원들은 의존적 행동이 조직 내에서 긍정적으로 ...,10. 조직은 의존적인 사고방식을 조직 문화의 중요한 ...,1. 구성원들은 조직 내에서 갈등을 피하려는 경향이 있...,2. 조직은 구성원들이 갈등 상황에서 회피적으로 행동하...,3. 회피적 행동이 조직 내 스트레스를 줄이는 데 기여...,4. 구성원들은 어려운 상황에서 회피적 태도를 취하는 ...,5. 리더는 회피적 행동을 용납한다고 보십니까?,6. 회피적 행동이 조직 내 협력을 약화시킨다고 보십니...,7. 조직의 정책은 회피적 행동을 지지하거나 묵인한다고...,8. 구성원들은 갈등 상황에서 회피적인 선택이 더 효과...,9. 회피적 행동이 조직의 단기적 안정성에는 기여하지만...,10. 회피적 태도가 조직의 변화와 혁신에 장애가 된다...,1. 구성원들은 조직 내에서 반대 의견을 제시하는 것이...,2. 조직은 구성원들에게 반대 의견을 적극적으로 제시할...,3. 반대적 행동이 조직 내 의사결정의 질을 높이는 데...,4. 구성원들은 반대적 행동이 조직의 혁신에 긍정적인 ...,5. 리더는 구성원들의 반대 의견을 경청한다고 보십니까...,6. 조직의 정책은 반대 의견을 장려한다고 보십니까?,7. 반대적 행동이 조직 내 갈등을 유발한다고 생각하십...,8. 구성원들은 반대적 행동이 조직의 성과를 저해한다고...,9. 반대 의견이 조직의 문제 해결에 중요한 기여를 한...,10. 반대적 태도가 조직 내 협력과 조화를 방해한다고...,1. 구성원들은 조직 내 권력이 특정 구성원에게 집중되...,2. 권력 지향적인 행동이 조직 내 의사결정에 영향을 ...,3. 구성원들은 권력의 집중이 조직의 협력을 방해한다고...,4. 리더는 권력 사용을 통해 조직의 목표를 달성한다고...,5. 구성원들은 권력 지향적 행동이 조직 내 성과를 높...,6. 조직의 정책은 권력의 집중화를 강화한다고 보십니까...,7. 권력 지향적 행동이 조직 내 갈등을 줄이는 데 기...,8. 구성원들은 권력의 사용이 조직의 안정성을 강화한다...,9. 권력 지향적 행동이 조직의 변화와 혁신에 장애가 ...,10. 조직은 권력 사용을 공정하게 관리하려고 노력한다...,1. 구성원들은 조직 내에서 경쟁이 성과를 높이는 주요...,2. 조직은 구성원들에게 경쟁을 장려하는 문화를 가지고...,3. 경쟁적 행동이 구성원들의 동기를 부여한다고 생각하...,4. 리더는 경쟁을 통해 구성원들의 성과를 이끌어낸다고...,5. 구성원들은 동료보다 더 나은 성과를 내기 위해 노...,6. 경쟁적 문화가 조직의 발전에 기여한다고 보십니까?,7. 조직의 정책은 구성원들 간의 경쟁을 촉진한다고 보...,8. 구성원들은 경쟁적 행동을 통해 개인의 성장에 기여...,9. 경쟁적 행동이 조직 내 갈등을 유발한다고 보십니까...,10. 경쟁은 조직의 목표 달성에 긍정적인 영향을 미친...,1. 구성원들은 완벽한 결과를 내기 위해 과도한 압박을...,2. 조직은 유능형 또는 완벽주의를 장려하는 문화를 가...,3. 완벽주의적 행동이 구성원들의 스트레스를 증가시킨다...,4. 리더는 완벽한 결과를 요구한다고 느끼십니까?,5. 구성원들은 작은 실수도 용납되지 않는다고 생각합니...,6. 완벽주의적 행동이 조직의 성과를 높이는 데 기여한...,7. 조직의 정책은 완벽주의를 강조하는 방향으로 설정되...,8. 구성원들은 완벽주의적 목표를 달성하기 위해 더 많...,9. 완벽주의가 조직 내 협력을 방해한다고 생각하십니까...,10. 완벽주의적 행동이 조직의 장기적 발전에 기여한다...,1. 본 조직에서 성과 달성을 위한 목표 설정이 얼마나...,2. 조직은 구성원들에게 높은 성과를 내는 것을 기대한...,3. 성과가 낮을 경우 조직에서 부정적인 피드백을 받을...,4. 조직 내 구성원들이 자신의 목표를 달성하기 위해 ...,5. 성취 지향적인 행동이 조직에서 장려된다고 느끼십니...,6. 리더가 구성원들에게 성취를 독려한다고 생각하십니까...,7. 조직이 성취 지향적 목표를 강조하는 정도는 어느 ...,8. 성취 지향적 문화가 조직 성과에 기여한다고 보십니...,9. 조직의 정책이 성취를 지원하는 방향으로 운영된다고...,10. 구성원들이 성취 지향적 목표를 가지도록 충분한 ...,1. 조직은 구성원들이 개인적 목표를 달성할 기회를 제...,2. 조직 내에서 자기계발을 위한 시간이 얼마나 확보된...,3. 구성원들이 자신의 잠재력을 발휘하도록 지원받고 있...,4. 자기실현적인 행동이 조직의 발전에 기여한다고 보십...,5. 구성원들이 창의적인 활동을 할 기회를 얼마나 갖는...,6. 리더는 구성원들의 자기실현을 위한 행동을 격려한다...,7. 자기실현적인 가치가 조직 내에서 얼마나 중요하게 ...,8. 자기실현적 행동이 구성원들의 성과를 높인다고 생각...,9. 조직의 정책이 구성원들의 자기계발을 지원한다고 느...,10. 구성원들은 자기실현을 통해 조직에서 성장할 수 ...,높은 성과를 내기 위해 최선을 다하고 있다고 생각한다.,어려운 과제에서도 목표를 달성하기 위해 노력한다.,업무로 인해 스트레스와 피로감을 자주 느낀다.,업무량이 과도하다고 느낀다.,맡은 업무를 성공적으로 수행할 자신이 있다.,중요한 결정에서 자신감 있게 의견을 제시할 수 있다.,현재 맡은 직무에 대해 전반적으로 만족한다.,내가 맡은 역할이 조직 목표에 기여한다고 느낀다.,업무 중 창의적 아이디어를 제시할 기회가 충분히 주어진...,새로운 방식으로 업무를 수행하려고 노력한다.,업무를 수행할 때 높은 몰입감을 느낀다.,팀원들과의 협력이 원활하고 효과적으로 이루어진다.,팀원들이 공통된 목표를 공유한다고 느낀다.,조직 내에서 구성원 간의 소통이 잘 이루어지고 있다.,동료와 상급자로부터 존중받고 있다고 느낀다.,부서 간의 협력이 효과적으로 이루어진다.,부서 간 정보와 자원이 적절히 공유되고 있다고 느낀다.,조직 내에서 공정한 평가와 기회를 제공받고 있다고 생각...,승진 및 인사 관행이 공정하다고 느낀다.,현재 조직에 대해 전반적으로 소속감을 느끼고 있다.,조직 내 리더십에 대해 신뢰를 가지고 있다.,조직 활동에 참여하는 것이 즐겁다고 느낀다.,조직 내에서 긍정적인 분위기를 느낀다.,조직 운영에 대한 의견이 반영되고 있다고 느낀다.,조직 내에서 개인의 발전 기회를 충분히 제공받고 있다고...,현재 조직문화에 전반적으로 만족하고 있다.,현재 조직문화를 개선해야 할 필요성이 높다고 생각한다.,조직 내의 갈등이 효과적으로 관리되고 해결된다고 생각한...,상급자와 동료들이 업무 과정에서 적절한 지원을 제공하고...,조직 내 성과 공유와 피드백 시스템이 효과적이라고 생각...,성과가 공정하게 평가되고 있다고 느낀다.,조직이 새로운 아이디어나 변화에 개방적이라고 느낀다.,도전적인 과제를 수행할 기회가 주어진다고 느낀다.,조직이 변화와 혁신을 효과적으로 관리하고 있다고 생각한...,조직이 장기적인 지속 가능성을 고려하며 변화에 대응하고...
respondent_001,##########,연기단,여자,40대,석사,"인문,공학",4~6년,15~20년,산업기사(초급),없음,없음,3,4,3,3,4,3,3,4,4,3,4,3,3,3,4,3,4,4,4,4,3,3,3,4,3,3,3,3,3,3,3,4,4,3,3,4,3,3,3,4,3,3,2,3,2,3,4,3,4,3,3,4,3,4,4,3,3,3,4,3,3,4,2,2,2,3,3,2,3,2,2,3,3,3,2,3,2,2,3,2,3,2,3,2,2,3,2,2,3,3,2,2,2,2,2,3,2,2,2,2,3,2,2,3,2,2,3,3,2,3,3,3,3,3,2,3,3,3,3,3,5,5,4,3,5,5,4,4,4,5,4,5,5,5,4,4,4,4,4,4,4,4,4,4,4,4,4,3,4,3,4,4,3,4,3
respondent_002,##########,연기단,여자,40대,석사,공학,1-3년,11~15년,기사 (중급),통계 ,없음,5,3,3,4,5,5,4,4,5,4,5,4,4,3,5,4,3,5,4,5,4,4,3,4,3,4,5,5,4,4,3,5,5,3,3,5,3,4,3,5,4,4,3,4,3,4,3,4,3,3,5,5,1,4,4,4,3,4,5,5,5,2,2,3,5,2,3,2,4,2,5,4,3,4,3,2,4,3,3,2,1,2,2,3,3,2,2,3,4,3,4,5,4,4,5,3,3,3,3,3,5,5,5,4,5,5,5,5,5,5,5,5,4,4,4,4,4,4,4,4,5,5,2,4,6,6,6,6,5,6,4,5,6,4,4,4,4,5,6,5,4,5,5,5,5,5,5,4,4,2,5,5,5,5,3
respondent_003,##########,연기단,남자,30대,대졸,이학,1-3년,1-3년,없음,없음,프로그래밍 언어에 대한 이해가 있습니다. 생성형 AI를 활용한 프로그램 활용 방법 교육 또는 해당 교육을 수강할 수 있게 안내 및 지원 해주면 좋겠습니다.,4,3,3,4,4,2,4,4,4,3,3,3,3,4,2,3,3,2,3,2,3,3,3,2,2,5,2,2,4,2,3,3,3,3,4,3,3,2,3,2,4,5,3,5,4,4,5,4,5,5,4,4,4,4,1,5,2,4,5,5,5,2,5,4,3,1,4,2,5,2,4,4,4,4,1,3,1,1,5,2,4,3,4,3,3,5,3,4,4,5,4,1,5,2,1,2,1,1,5,5,4,4,4,4,4,5,4,3,2,3,3,2,2,4,3,3,3,4,3,4,5,5,5,5,5,6,6,5,5,6,6,5,5,5,6,4,3,4,4,5,5,4,4,4,3,4,4,2,5,4,4,5,4,4,4
respondent_004,##########,연기단,여자,20대,대졸,인문,1-3년,1-3년,산업기사(초급),없음,없음,5,5,5,5,5,5,5,5,5,5,5,5,5,5,5,5,5,5,5,5,5,5,5,5,2,4,2,3,3,4,4,4,4,2,3,2,2,2,2,2,3,2,2,2,1,1,4,2,2,2,4,4,2,2,3,4,4,1,4,4,3,1,3,3,2,1,2,2,3,4,1,3,4,4,1,3,1,1,4,2,3,4,2,2,4,2,4,2,2,2,4,5,5,4,3,4,4,5,3,3,5,5,5,5,4,4,5,3,3,1,2,2,2,4,2,2,5,4,2,5,7,7,7,5,7,4,5,6,4,5,7,6,7,7,6,4,4,2,1,2,1,4,4,2,2,1,6,4,5,4,2,2,4,5,3
respondent_005,##########,연기단,남자,40대,석사,"인문,공학",7~10년,11~15년,산업기사(초급),없음,없음,5,4,5,3,5,4,4,5,5,5,5,5,5,5,5,4,4,5,5,5,3,4,5,3,5,3,5,5,3,3,5,5,5,2,2,3,2,2,1,2,4,3,3,4,3,4,3,3,3,3,4,4,4,4,2,4,2,2,4,5,5,1,1,1,1,1,4,4,1,2,3,3,3,3,3,3,3,3,3,3,3,3,3,3,3,3,3,3,3,3,5,5,5,5,5,5,5,5,5,5,4,4,4,4,4,4,4,4,4,4,2,3,2,4,3,3,2,2,3,3,4,4,5,5,2,3,1,2,2,4,3,4,4,4,4,5,5,3,1,2,1,2,2,2,2,3,3,3,3,4,2,2,2,1,3
respondent_006,##########,연기단,여자,40대,박사,인문,1-3년,7~10년,없음,없음,없음,5,5,5,5,5,5,5,5,5,5,5,5,5,5,5,5,5,5,5,5,5,5,5,5,5,5,5,5,5,5,5,5,5,5,5,5,5,5,5,5,5,5,5,5,5,5,5,5,5,5,5,5,2,5,2,5,5,5,5,5,2,2,2,2,4,4,5,5,5,5,5,5,5,5,5,5,5,5,5,5,5,5,5,5,5,5,5,5,5,5,5,5,5,5,5,5,5,5,5,5,5,5,5,5,5,5,5,5,5,5,5,5,5,5,5,5,5,5,5,5,5,5,4,4,5,5,4,5,5,5,5,5,5,5,5,5,5,5,5,5,5,5,5,5,5,5,5,5,5,5,5,5,5,5,5
respondent_007,##########,연기단,여자,40대,석사,교육학,1-3년,11~15년,기능사,"정보통신, 통계 ","저는 통계는 초급 정도 수준이며, 정보처리 기능사를 소지하고 있습니다. 홍보사업을 맡고 있는 만큼 멀티미디어 콘텐츠 제작 및 PPT 고급반 교육 지원을 희망합니다.",5,5,5,5,5,5,5,5,5,5,4,3,4,5,5,4,4,4,4,5,3,3,3,3,3,2,2,2,3,2,2,2,2,2,2,2,2,1,1,2,4,3,3,3,2,2,4,2,4,4,2,1,1,1,1,4,3,3,5,5,3,3,3,3,2,2,2,2,2,2,3,2,2,2,2,2,2,2,4,3,2,2,2,2,3,2,2,2,4,1,4,3,2,4,1,4,2,4,4,4,5,4,4,5,4,4,4,5,5,3,2,2,2,2,2,2,2,2,2,2,6,6,6,4,6,6,6,7,7,6,5,6,7,7,6,7,7,6,3,6,6,6,6,6,3,6,4,7,7,7,6,5,6,6,5
respondent_008,##########,연기단,남자,30대,석사,기타,1-3년,1-3년,없음,통계 ,없음,5,5,5,5,5,5,5,5,5,5,5,5,5,5,5,5,5,5,5,5,5,5,5,5,2,2,5,5,5,5,5,3,3,5,5,5,5,5,5,5,3,3,3,3,3,3,3,3,3,3,5,1,1,1,1,5,5,5,5,5,5,5,5,5,5,5,1,1,5,1,1,1,1,1,1,1,1,1,1,5,3,3,3,3,3,3,3,3,3,3,1,1,1,1,1,1,1,1,1,1,5,5,5,5,5,5,5,5,5,5,5,5,5,5,5,5,5,5,5,5,7,7,2,2,7,7,7,7,7,7,7,7,7,7,7,7,7,7,7,7,7,7,7,7,7,7,7,7,7,7,7,7,7,7,7
respondent_009,##########,과기본,여자,30대,석사,인문,4~6년,7~10년,없음,통계 ,없음,4,4,4,2,3,3,3,3,3,3,3,3,3,3,3,3,3,2,2,2,3,3,3,3,4,3,3,2,3,3,3,3,4,3,3,2,3,3,3,3,4,3,3,2,3,3,3,3,4,3,3,2,3,3,3,3,4,3,3,2,3,3,3,3,4,3,3,2,3,3,3,3,4,3,3,3,3,3,3,3,3,3,3,3,3,3,3,3,3,3,3,3,3,3,3,3,3,3,3,3,3,3,3,3,3,3,3,3,3,3,3,3,3,3,3,3,3,3,2,2,4,4,6,6,5,5,5,5,5,5,4,4,4,4,4,4,4,4,4,4,4,3,3,3,4,3,3,3,4,4,4,4,4,4,4
respondent_010,##########,과기본,여자,40대,대졸,공학,21~25년 ,21~25년 ,기사 (중급),파이썬,없음,5,5,5,5,5,5,5,5,5,5,4,4,5,5,5,4,5,4,4,4,4,4,4,5,5,4,4,5,4,4,3,4,3,4,4,4,4,4,4,4,4,2,2,2,4,3,3,4,2,2,4,3,3,2,3,3,3,3,3,3,4,4,3,3,4,3,3,3,3,3,3,3,2,2,3,2,3,4,3,4,4,3,3,2,3,3,2,3,4,3,3,3,4,3,2,3,3,4,2,4,4,4,4,4,4,4,4,4,4,4,4,4,3,4,3,4,3,4,4,4,6,5,4,4,4,4,4,4,4,5,5,5,6,6,5,5,4,4,3,4,4,4,4,4,4,5,4,4,5,6,5,6,6,6,6
respondent_011,##########,과기본,여자,40대,대졸,인문,1-3년,7~10년,없음,없음,"저는 SW분야 초급 정도 수준으로, 체계적인 교육지원을 희망합니다.",5,5,5,4,5,5,5,5,5,4,5,4,4,4,5,4,4,5,4,4,5,4,4,4,4,4,4,4,4,4,3,5,5,3,3,5,3,3,3,3,3,3,3,3,3,4,4,3,3,4,4,4,3,3,3,4,3,4,4,4,4,4,4,4,4,3,3,3,4,3,4,4,3,4,4,4,3,4,3,3,3,3,3,3,3,3,3,3,3,3,3,3,3,4,3,3,3,3,3,3,5,5,4,4,4,4,4,4,4,3,3,3,3,4,3,3,3,3,3,3,6,6,6,4,5,5,6,6,6,4,6,6,6,6,6,5,4,5,5,5,5,6,6,5,5,5,4,5,5,5,6,4,4,4,5
respondent_012,##########,과기본,남자,40대,석사,인문,7~10년,1-3년,없음,없음,없음,5,2,4,2,5,2,4,5,5,3,4,2,3,4,5,2,3,5,3,4,4,2,2,2,3,2,2,2,3,1,3,4,5,4,4,5,2,2,1,1,5,3,2,1,2,4,4,4,2,3,2,4,2,1,1,4,2,1,2,1,2,1,4,4,3,1,2,2,1,1,5,5,5,5,1,5,1,2,3,1,2,2,1,1,2,4,2,4,2,4,3,1,1,2,1,4,4,2,2,4,5,4,2,5,5,4,5,4,4,2,3,1,1,4,1,3,2,4,4,4,6,6,7,5,7,6,5,7,7,2,2,6,6,6,6,2,2,3,3,2,3,2,3,2,2,2,6,2,4,1,2,5,5,4,5
respondent_013,##########,과기본,여자,30대,대졸,인문,1-3년,4~6년,없음,없음,"직무능력 향상을 위한 다양한 교육 커리큘럼 및 운영 ( 예) 생성형 AI, 파이썬 … 등)",4,4,4,3,5,3,3,4,4,3,5,4,4,4,4,4,4,4,3,4,4,4,3,4,4,3,3,3,2,2,3,5,4,3,3,4,3,2,2,3,4,2,2,3,3,2,3,2,3,3,4,3,2,1,3,5,3,1,4,5,3,3,4,3,3,2,3,3,2,2,4,4,3,3,3,4,3,4,3,3,3,3,3,2,4,4,4,4,3,3,4,3,4,4,2,4,3,3,3,3,5,4,4,4,3,3,3,4,3,3,3,3,2,4,3,3,3,4,3,4,5,5,4,4,4,4,5,5,5,3,5,4,4,4,5,4,4,4,4,4,4,4,4,4,4,4,5,3,3,4,4,4,3,4,5
respondent_014,##########,과기본,여자,20대,대졸,인문,1-3년,1-3년,없음,없음,"저는 빅데이터SW, 파이션 등 프로그램 개발에 관한 교육지원을 희망합니다",5,5,5,5,5,5,4,5,5,5,4,4,5,5,5,5,5,4,5,5,4,5,5,5,5,5,4,4,5,5,3,5,5,4,4,3,4,3,3,3,4,4,4,4,4,4,4,4,3,4,4,5,5,4,5,4,4,4,4,4,5,5,5,5,5,5,4,4,4,4,5,4,3,4,3,3,3,4,3,4,3,3,3,3,4,3,3,3,3,3,3,3,3,5,3,5,4,4,3,4,4,4,4,4,4,4,4,4,4,5,5,3,3,3,4,5,4,4,4,4,6,5,4,4,5,5,5,5,5,5,6,6,6,6,6,6,6,6,6,6,6,6,6,6,6,6,4,6,6,6,6,6,6,6,6
respondent_015,##########,과기본,남자,40대,석사,공학,4~6년,11~15년,없음,"통계,멀티미디어,파이썬","저는 빅데이터SW, 파이션 등 프로그램 개발에 관한 교육지원을 희망합니다",4,3,5,3,4,3,3,3,4,3,4,3,4,4,4,4,3,4,4,4,3,3,3,3,3,3,3,3,3,3,3,4,3,2,3,3,3,3,3,3,3,3,3,3,3,3,3,3,3,3,4,3,2,4,3,4,3,3,4,4,3,3,3,3,3,2,3,3,3,3,4,3,3,2,3,3,3,3,3,3,2,2,3,2,2,3,2,2,3,3,2,2,4,2,2,3,2,2,3,3,5,3,2,3,2,3,2,3,3,2,3,3,2,3,2,3,2,3,2,3,6,6,5,4,6,6,6,6,6,5,5,4,4,4,6,3,3,5,5,5,6,5,5,4,4,4,5,4,5,4,5,4,4,4,4
respondent_016,##########,과기본,남자,30대,석사,공학,1-3년,4~6년,없음,없음,AI 관련 교육을 조직내에서 1시간~2시간이 아닌 여러 회차를 통해 직원들이 습득할 수 있도록 협조 부탁드립니다.,5,5,4,4,5,5,5,5,5,5,5,5,5,5,5,5,4,5,4,5,4,4,4,5,4,3,3,2,4,3,3,5,3,2,2,5,1,1,1,2,4,2,1,1,1,4,3,3,3,3,4,4,3,4,2,5,4,5,5,5,5,1,5,3,5,1,1,1,4,2,3,3,3,3,3,3,2,3,5,5,2,2,4,4,3,4,2,4,2,5,3,2,4,3,1,5,3,1,2,2,5,3,3,2,3,4,3,4,3,2,4,4,3,4,3,4,4,4,2,5,5,5,4,4,5,4,4,4,5,4,4,5,5,5,5,3,3,5,4,5,5,5,5,4,4,4,6,4,4,4,4,4,5,2,2
respondent_017,##########,과기본,남자,40대,석사,공학,4~6년,11~15년,없음,"정보통신, 통계, 파이썬","프로그램언어에 대해서는 기초 수준이며, 3D 개발 응용프로그램은 중급 수준입니다. 다만 해당역량을 유지하려면 지속적인 프로그램 사용이 필요한데, 재단내에서 라이선스 구매등의 어려움이 있어서 자기계발의 한계를 느끼고 있습니다.",5,4,4,4,4,4,4,4,4,4,4,4,4,4,4,4,4,4,4,4,4,4,4,4,3,3,4,4,4,4,4,4,4,4,4,4,4,4,4,4,4,3,3,3,3,3,3,3,3,3,3,3,3,3,3,3,3,3,3,3,3,3,3,3,3,3,3,3,3,3,3,3,3,3,3,3,3,3,3,3,3,3,3,3,3,3,3,3,3,3,3,3,3,3,3,3,3,3,3,3,4,4,3,4,4,4,4,4,4,4,3,3,3,3,3,3,3,3,3,3,6,6,4,5,4,4,4,4,4,4,4,4,4,4,4,4,4,4,4,4,4,4,6,6,6,4,4,4,4,4,4,4,4,6,4
respondent_018,##########,과기본,남자,30대,석사,이학,4~6년,7~10년,기능사,"빅데이터, 통계 ",없음,3,2,4,3,3,3,2,2,4,4,4,3,4,2,2,2,2,4,3,4,4,4,4,3,4,5,2,3,3,3,3,5,4,4,3,3,3,3,3,4,3,3,3,3,3,3,3,3,3,3,4,3,2,4,3,4,3,4,4,4,3,3,3,3,3,3,3,3,3,3,4,4,4,3,3,3,4,3,3,3,3,3,3,3,3,3,3,3,3,3,3,3,3,3,3,2,3,3,3,3,3,3,3,3,3,3,3,3,3,3,4,4,3,3,3,4,3,3,3,3,5,5,5,6,5,5,6,6,5,4,5,5,4,5,7,6,6,6,6,7,7,5,5,5,5,4,6,4,5,4,5,4,5,4,4
respondent_019,##########,과기본,남자,40대,석사,인문,1-3년,7~10년,없음,없음,없음,5,5,5,5,5,5,5,5,5,5,5,5,5,5,5,5,5,5,5,5,5,5,5,5,5,5,3,3,4,5,3,3,3,3,3,3,3,3,3,3,4,4,3,3,2,4,4,3,2,2,4,4,4,4,4,4,4,4,4,4,4,2,4,3,2,2,4,4,4,3,4,4,3,4,2,4,2,3,3,3,3,2,3,3,3,3,3,3,4,3,4,4,4,3,3,3,3,4,3,3,3,3,3,3,3,3,3,3,3,3,3,3,3,4,3,3,3,3,3,3,4,5,4,4,4,4,4,4,4,4,4,4,4,4,4,4,4,4,4,4,4,4,4,4,4,4,4,4,4,4,4,4,4,4,4
respondent_020,##########,과기본,남자,30대,석사,인문,1-3년,4~6년,없음,없음,없음,5,5,5,5,5,5,5,5,5,5,5,5,5,5,5,5,3,5,5,5,4,3,3,3,3,3,3,3,3,3,2,4,3,2,2,2,2,2,2,2,3,3,3,3,3,3,3,3,3,3,3,3,3,3,3,3,3,3,3,3,3,2,1,1,1,1,1,1,1,5,5,5,5,3,3,3,3,3,3,3,2,4,2,2,2,2,2,2,3,2,4,4,4,4,4,4,4,4,4,4,3,3,3,3,3,3,3,2,3,3,3,3,3,3,3,3,3,3,3,3,6,6,6,5,5,5,5,5,3,2,2,3,3,5,4,5,5,5,5,5,5,5,5,5,5,5,5,5,5,5,5,5,5,5,5
respondent_021,##########,과기본,여자,30대,대졸,인문,1-3년,1-3년,없음,없음,없음,5,5,5,4,4,4,4,4,5,4,4,4,4,4,4,4,4,4,4,4,3,3,3,3,3,3,3,3,3,3,3,3,3,3,3,3,3,3,3,3,4,3,3,3,3,3,3,3,3,3,4,4,4,4,4,4,4,4,4,4,4,3,2,2,2,2,2,2,2,2,4,5,5,3,3,3,3,3,3,3,3,3,3,3,3,3,3,3,3,3,4,4,4,3,3,3,4,4,3,3,4,4,3,3,3,4,4,4,4,4,3,3,3,4,3,3,3,4,3,3,5,5,5,5,5,5,4,4,5,5,5,5,5,5,5,5,5,4,4,4,5,5,5,4,3,3,4,4,3,3,3,3,3,5,5
respondent_022,##########,과기본,여자,30대,대졸,인문,1-3년,1-3년,없음,없음,"관련 프로그램에 대해서 모두 초급 정도 수준이며, 교육지원이 있으면 업무에 도움이 될 것 같습니다.",5,4,5,4,5,3,5,5,5,4,4,4,5,5,4,3,4,4,3,4,4,4,4,4,4,4,3,5,4,4,4,5,5,4,4,5,3,3,3,4,5,3,3,4,4,5,5,3,3,3,5,4,4,4,4,3,3,3,4,4,4,2,3,3,3,2,3,3,3,2,3,3,3,3,3,3,3,3,3,3,3,3,3,3,3,3,3,3,3,3,3,4,5,1,1,3,2,3,3,2,4,4,4,5,5,4,3,4,3,3,4,3,4,4,4,5,4,4,4,3,6,6,5,4,4,3,4,4,5,5,4,5,6,6,6,6,6,5,5,5,6,5,6,5,5,6,5,5,5,6,5,5,5,5,5
respondent_023,##########,과기본,남자,30대,대졸,인문,4~6년,7~10년,없음,없음,없음,5,5,5,5,5,5,5,4,5,4,5,4,5,5,5,4,5,4,5,5,5,5,3,5,3,5,5,5,5,5,5,5,5,5,2,3,4,5,3,3,3,3,5,3,5,3,3,1,2,4,4,4,5,4,3,5,3,5,3,5,4,5,4,5,4,5,5,5,5,5,3,5,3,3,5,5,5,5,3,3,3,3,3,3,4,3,3,3,3,3,4,4,3,3,4,4,4,4,3,3,4,3,4,5,4,4,3,5,4,3,5,4,5,4,5,5,4,5,5,4,5,6,6,6,5,4,5,6,5,5,5,6,5,5,6,6,5,5,5,5,5,6,7,5,4,5,7,5,5,6,4,4,4,4,6
respondent_024,##########,과기본,남자,30대,석사,인문,1-3년,11~15년,없음,없음,통계 관련 왕초보반 운영이 필요합니다.,5,3,3,3,4,3,4,5,5,3,5,4,3,4,4,4,4,5,5,4,5,4,3,4,4,4,4,3,4,5,3,4,3,3,3,3,4,4,3,4,4,4,3,4,5,4,5,4,4,5,4,5,4,4,5,4,4,5,4,4,4,4,4,4,5,4,4,4,5,4,4,5,4,5,4,5,4,5,4,4,5,4,5,4,4,5,4,5,5,4,4,5,5,4,4,4,4,5,5,4,5,4,4,5,4,4,4,5,4,5,4,4,4,5,4,5,4,4,5,4,6,6,6,5,5,5,4,4,5,6,6,5,4,5,6,5,5,4,4,5,5,4,4,4,5,4,6,6,5,4,5,4,5,4,4
respondent_025,##########,과기본,여자,30대,대졸,공학,1-3년,11~15년,기사 (중급),없음,없음,5,5,5,5,5,5,5,5,5,5,5,5,5,5,5,5,5,5,5,5,4,3,4,5,3,3,2,3,4,3,2,2,2,2,2,2,2,2,3,2,3,4,3,3,2,3,3,4,3,3,3,4,2,3,3,4,4,3,3,4,4,5,5,5,4,3,3,2,4,3,4,5,5,3,2,3,2,1,4,3,2,1,1,1,2,1,1,1,3,2,1,3,3,3,2,3,3,3,2,3,4,4,3,4,4,4,4,5,4,3,3,2,3,4,3,4,4,5,5,5,4,5,5,4,4,5,4,5,6,4,5,6,7,4,3,4,4,4,3,3,5,4,3,4,5,4,3,2,4,3,4,5,4,5,4
respondent_026,##########,과기본,여자,20대,대졸,인문,1-3년,4~6년,기사 (중급),없음,없음,5,5,5,4,5,5,4,5,5,4,5,3,3,5,5,3,5,5,4,5,5,4,4,4,4,4,4,4,4,4,4,5,5,3,3,3,3,3,2,4,4,4,3,4,3,3,3,3,3,3,4,4,2,2,4,4,3,2,5,2,4,3,4,4,3,3,2,2,4,3,4,4,4,4,2,3,2,2,4,2,2,3,3,3,3,2,3,3,4,3,3,3,3,3,3,3,3,3,3,3,5,3,3,4,3,3,3,4,2,3,4,5,3,5,3,4,4,5,4,4,6,6,2,2,6,6,6,6,4,6,6,5,5,3,5,5,5,5,5,5,5,5,5,5,5,4,4,4,4,6,5,4,4,5,4
respondent_027,##########,과기본,남자,50대,석사,공학,15~20년,21~25년 ,없음,없음,"혁신원에서 기술개발을 할 것이 아니므로, AI 등 기술에 대한 이해, 메커니즘, 기능, 활용성 등에 대한 교육",5,5,5,4,5,3,4,5,4,4,4,4,5,3,4,4,4,4,4,4,5,4,4,5,3,4,3,4,4,3,4,4,4,4,3,3,4,4,3,4,4,3,3,3,3,4,3,3,3,3,3,4,4,4,4,4,3,3,4,4,3,3,4,4,4,3,4,4,4,3,5,5,5,2,2,4,3,3,3,2,4,3,4,3,4,4,3,4,4,3,5,4,5,4,3,4,4,2,3,3,5,5,4,4,4,4,4,4,4,2,4,4,4,4,4,4,4,4,4,5,6,7,7,6,6,7,5,6,5,5,7,4,4,4,4,5,4,3,3,4,3,4,4,1,3,4,7,2,3,2,2,4,4,3,4
respondent_028,##########,과기본,남자,30대,대졸,인문,1-3년,4~6년,없음,없음,"저는 SW 관련분야의 입문자로, 낮은 수준이지만 광범위한 교육을 해주시길 희망합니다",5,5,5,4,5,5,5,5,5,4,5,5,5,5,5,5,5,5,5,5,5,5,5,5,3,5,5,5,5,5,5,5,4,4,5,4,4,4,4,4,4,2,3,2,4,3,3,4,2,2,4,4,4,4,3,3,3,3,4,4,4,3,3,3,4,3,3,3,3,4,3,3,2,2,3,2,3,4,3,4,4,3,3,2,3,3,2,3,4,3,3,3,4,3,2,3,3,4,2,4,4,4,4,4,4,4,4,4,4,4,4,4,3,4,3,4,3,4,4,4,6,6,5,4,6,6,5,6,5,6,6,6,7,6,6,5,4,6,6,6,7,6,6,6,6,7,3,5,6,6,6,5,6,6,7
respondent_029,##########,과기본,남자,30대,대졸,융복합,1-3년,1-3년,없음,없음,원하는 프로그램을 선택하여 교육을 받을 수 있는 시스템이 있었으면 좋겠습니다,4,4,4,4,3,3,4,4,4,3,4,3,4,4,4,4,4,4,4,4,4,4,4,5,4,3,4,4,5,4,3,3,3,3,4,2,3,4,3,3,4,3,4,3,4,4,3,4,4,4,3,3,3,2,3,4,4,3,4,3,3,4,4,3,4,3,3,3,4,3,3,3,2,3,2,2,3,3,2,3,3,4,4,3,3,4,3,3,3,3,3,3,2,2,2,4,3,3,3,3,3,3,3,3,4,3,3,4,4,3,3,3,3,4,3,3,4,3,3,3,5,5,4,4,5,5,5,6,6,6,6,5,4,5,5,4,5,5,4,5,4,5,5,4,5,4,6,5,5,5,5,5,4,5,5
respondent_030,##########,과기본,여자,30대,석사,이학,4~6년,4~6년,없음,없음,없음,3,3,3,2,4,2,4,4,3,2,4,2,3,3,4,3,2,4,2,4,5,4,3,4,4,3,3,2,3,2,2,3,2,2,2,2,2,2,2,3,4,3,2,3,2,3,3,3,2,3,3,4,2,2,2,5,2,2,2,5,4,2,2,2,2,2,3,2,3,2,4,4,4,2,2,4,2,2,4,2,1,2,2,2,3,2,3,1,4,2,3,3,3,4,1,3,4,3,3,3,5,5,3,3,3,2,3,3,2,2,3,3,3,3,3,3,3,3,3,3,6,6,5,4,5,4,4,4,4,5,5,6,6,6,5,6,5,6,3,6,4,3,5,4,5,4,5,4,6,4,5,4,4,4,4
respondent_031,##########,과기본,남자,30대,석사,공학,1-3년,1-3년,없음,없음,,5,4,4,2,5,3,3,4,5,3,4,4,4,3,4,3,4,4,4,4,3,3,4,4,5,4,3,4,4,2,3,4,3,3,4,4,4,3,3,3,4,2,2,3,2,3,4,2,3,2,4,3,3,3,2,4,3,4,5,5,5,3,3,3,3,2,4,3,3,3,4,4,4,3,3,3,2,2,4,3,3,2,3,2,3,3,3,3,4,3,2,2,4,3,3,4,2,2,2,3,4,3,3,4,4,3,3,4,4,2,4,2,2,4,2,4,2,4,4,5,5,5,5,4,4,2,4,5,5,3,4,4,4,4,5,3,3,3,4,4,4,4,4,4,4,4,4,3,4,3,4,4,6,5,4
respondent_032,##########,과기본,여자,20대,대졸,기타,1-3년,1-3년,없음,없음,빅데이터 관련 교육 프로그램이 있다면 좋을 것 같습니다. 감사합니다.,5,5,5,5,5,5,5,5,5,5,5,5,5,5,5,5,5,5,5,5,5,5,5,5,5,5,5,5,5,5,3,3,3,3,3,3,3,3,3,3,3,3,3,3,3,3,3,3,3,3,3,2,3,3,3,2,3,3,3,3,3,3,3,3,3,2,2,2,4,2,3,3,3,3,3,3,3,3,3,3,2,2,2,2,3,3,3,2,3,3,2,4,5,2,2,2,3,4,3,2,5,5,5,5,5,5,5,5,5,5,5,4,5,5,5,5,5,5,5,5,6,6,4,3,5,4,6,6,4,4,4,6,6,6,6,6,6,6,6,6,6,6,6,6,6,6,4,5,6,6,6,6,6,6,6
respondent_033,##########,과기본,여자,30대,대졸,공학,1-3년,4~6년,없음,없음,없음,3,3,3,3,4,3,3,4,4,3,4,3,3,3,4,3,3,3,3,4,4,3,3,3,3,3,3,4,4,4,3,4,4,2,2,2,3,3,3,4,3,4,3,3,2,2,4,2,2,4,4,4,2,2,3,4,4,2,4,4,4,4,4,4,3,3,2,2,4,2,4,4,4,3,3,4,4,2,4,2,2,3,2,4,3,2,3,3,4,2,4,3,4,4,2,4,3,4,3,3,4,4,4,4,3,4,3,4,3,2,3,1,2,4,3,3,2,3,2,3,6,6,6,6,5,4,4,5,5,4,5,5,4,5,5,5,5,4,4,4,5,4,5,5,5,5,4,6,6,5,5,5,5,5,5
respondent_034,##########,과기본,남자,30대,대졸,공학,1-3년,4~6년,기사 (중급),없음,없음,4,4,4,4,4,4,4,4,4,4,4,4,4,4,4,4,4,4,4,4,4,4,4,4,4,4,4,4,4,4,4,4,4,4,4,4,4,4,4,4,4,4,4,4,4,4,4,4,4,4,4,4,4,4,4,4,4,4,4,4,4,4,4,4,4,4,4,4,4,4,3,3,3,3,3,3,3,3,3,3,4,4,4,4,4,4,4,4,4,4,4,4,4,4,4,4,4,4,4,4,4,4,4,4,4,4,4,4,4,4,4,4,4,4,4,4,4,4,4,4,4,4,4,4,4,4,4,4,4,4,4,4,4,4,4,4,4,4,4,4,4,4,4,4,4,4,4,4,4,4,4,4,4,4,4
respondent_035,##########,과기본,남자,40대,석사,공학,4~6년,15~20년,기사 (중급),없음,통계와 코딩 또는 관련 SW 기초교육지원을 희망합니다.,4,4,3,4,4,2,4,3,4,3,5,3,4,4,4,3,4,4,3,5,4,4,3,3,4,3,2,2,3,3,3,4,4,2,4,2,3,2,2,2,4,3,2,2,2,4,2,3,2,4,4,4,2,4,3,4,3,4,4,5,4,1,4,3,1,1,4,3,4,2,5,5,5,2,2,2,2,2,4,2,4,2,4,3,3,2,4,3,4,4,3,2,5,4,2,4,2,3,2,2,4,4,2,4,4,4,3,4,4,2,3,2,2,5,2,2,2,4,2,5,6,6,7,5,6,7,5,7,7,7,6,6,5,5,5,4,3,2,2,6,4,5,5,3,4,4,6,3,4,3,3,5,6,4,4
respondent_036,##########,경영본부,여자,30대,대졸,공학,1-3년,4~6년,기사 (중급),없음,없음,5,4,5,4,4,3,5,4,4,4,5,5,4,4,4,4,5,5,5,5,4,3,3,3,4,2,2,2,3,3,2,2,2,2,2,2,2,2,2,2,4,2,3,2,3,2,2,2,2,2,4,2,2,3,1,2,2,2,2,4,3,4,3,4,4,2,3,3,3,3,3,3,3,3,3,3,3,2,2,3,3,2,4,2,4,2,2,3,4,3,1,3,4,3,2,3,2,2,2,3,5,5,4,4,2,2,3,3,3,3,4,2,3,3,4,4,4,4,3,4,6,5,3,5,3,4,4,5,6,5,6,7,7,7,7,7,7,6,5,6,6,6,6,6,6,6,4,4,4,4,4,5,5,5,5
respondent_037,##########,경영본부,남자,30대,대졸,인문,1-3년,1-3년,없음,없음,"저는 통계는 초급 정도 수준이며, 빅데이터 및 경영정보 시각화 능력 향상을 위한 교육이 필요하다고 생각합니다.",5,5,5,5,5,5,5,5,5,5,5,5,5,5,5,3,5,5,4,5,3,3,4,4,3,3,3,4,3,3,3,5,5,4,3,5,3,5,3,5,5,4,1,4,1,1,5,2,2,3,5,3,4,4,1,5,1,3,5,5,5,3,3,3,3,3,3,3,3,3,4,4,4,4,3,3,2,3,3,3,2,2,1,1,3,3,2,2,1,1,4,4,4,5,4,5,4,5,1,5,5,5,4,5,5,4,4,5,4,3,5,2,3,5,2,4,3,5,2,3,5,5,6,6,5,4,7,7,7,3,7,7,7,6,7,5,4,5,7,7,7,7,7,6,7,5,4,3,3,5,5,5,4,6,7
respondent_038,##########,경영본부,여자,40대,대졸,공학,4~6년,15~20년,없음,없음,없음,4,3,3,3,5,3,4,5,5,3,5,3,3,2,5,2,3,5,2,5,4,2,2,3,4,3,3,3,5,5,3,5,5,3,2,2,2,2,2,5,4,5,3,5,2,3,3,3,3,3,5,3,2,2,2,5,4,1,5,5,4,1,4,3,1,1,2,3,3,2,5,5,5,5,2,5,2,2,5,2,5,3,3,3,3,3,2,2,2,2,4,4,4,4,3,3,3,3,3,3,3,3,3,2,2,2,3,3,3,2,1,2,2,5,2,2,2,2,2,2,7,7,7,7,7,7,7,7,5,7,7,5,5,5,5,5,5,5,2,3,3,3,4,4,2,4,7,3,3,4,4,3,3,3,4
respondent_039,##########,경영본부,여자,30대,대졸,교육학,7~10년,15~20년,없음,없음,없음,4,4,4,4,4,4,4,4,4,4,4,4,4,4,4,4,4,4,4,4,4,4,4,4,4,4,4,4,4,4,4,4,4,4,4,4,4,4,4,4,4,4,4,4,4,4,4,4,4,4,2,2,2,2,2,2,2,2,2,2,2,2,2,2,2,2,2,2,2,2,2,2,2,2,2,2,2,2,2,2,4,4,4,4,4,4,4,4,4,4,2,2,2,4,2,4,3,3,2,2,4,4,4,4,4,4,4,4,4,4,4,4,4,4,4,4,4,4,4,4,6,6,6,6,6,6,5,4,2,2,4,5,5,5,5,5,4,1,1,4,4,3,3,1,1,4,7,2,2,4,1,4,4,3,2
respondent_040,##########,문화콘텐츠,남자,30대,대졸,인문,1-3년,4~6년,없음,없음,없음,5,4,4,4,4,4,4,4,4,3,4,4,4,5,5,3,4,4,3,5,4,5,4,3,4,5,2,3,3,2,2,4,4,2,2,4,2,2,1,3,4,2,4,3,2,3,4,1,1,3,5,5,3,3,2,4,2,3,4,5,2,2,4,4,3,2,4,4,4,2,2,5,3,3,1,3,3,3,4,3,4,4,4,3,3,4,3,4,4,4,3,5,5,4,4,4,5,4,2,3,5,5,5,5,5,5,5,5,3,3,3,2,3,4,3,4,3,5,3,3,5,5,6,7,4,3,4,5,4,5,3,6,5,6,6,5,5,5,4,6,5,5,4,4,4,4,6,4,4,4,4,5,6,4,6
respondent_041,##########,문화콘텐츠,남자,40대,박사,공학,4~6년,7~10년,없음,없음,없음,5,4,5,4,5,3,4,4,4,3,4,4,4,3,4,3,3,4,3,4,4,4,4,4,4,5,3,4,3,3,2,4,3,3,3,3,3,3,3,4,4,4,4,3,2,3,3,3,3,3,3,3,2,3,3,4,3,3,5,4,4,3,3,3,3,3,4,3,3,3,3,4,3,3,3,3,2,2,2,3,3,3,3,3,3,3,2,2,3,3,3,3,4,4,3,4,3,3,2,3,4,4,4,4,4,4,4,4,4,3,3,2,2,4,2,3,4,4,2,3,4,4,4,4,4,4,4,4,4,4,3,4,3,4,3,3,3,3,3,3,3,3,3,4,3,3,3,3,4,4,3,3,3,3,4
respondent_042,##########,문화콘텐츠,여자,40대,석사,인문,4~6년,7~10년,없음,없음,없음,5,5,4,3,4,3,4,4,4,4,4,3,3,3,3,2,3,3,2,2,2,2,2,2,2,2,2,2,2,2,3,2,3,4,3,2,4,3,3,3,4,5,4,2,2,2,3,2,2,2,4,3,4,4,3,4,5,1,5,5,4,4,4,4,2,1,4,2,4,1,3,4,4,3,3,3,2,1,1,1,2,2,2,2,2,3,2,3,4,3,4,4,4,4,2,3,3,3,2,4,4,4,4,4,4,4,4,3,3,2,3,2,2,2,2,2,3,3,3,3,5,4,4,5,4,4,4,5,5,4,4,4,4,4,5,5,3,3,3,3,2,3,1,1,2,2,7,1,4,2,2,2,3,2,1
respondent_043,##########,북부센터,남자,20대,대졸,공학,1-3년,1-3년,기능사,없음,"모든프로그램에 취약한 수준이어서, 여러 교육이 활성화 되면 좋겠습니다.",4,3,3,3,4,4,3,4,4,4,4,3,4,3,4,3,3,4,4,3,4,4,3,3,3,3,3,4,3,3,3,3,3,2,3,3,3,3,3,3,4,4,3,3,3,3,3,3,3,3,3,3,3,2,2,4,2,2,4,4,3,3,3,3,3,2,3,3,3,4,4,3,4,3,2,2,2,2,2,2,4,4,3,3,3,3,3,3,3,3,2,3,4,4,3,3,3,3,3,3,4,3,3,3,3,4,3,3,3,3,4,3,3,4,3,3,4,4,3,3,4,4,4,5,5,5,6,5,5,4,4,4,4,4,5,4,4,4,3,5,4,4,4,4,4,4,5,4,4,4,4,4,4,4,4
respondent_044,##########,북부센터,남자,30대,석사,이학,1-3년,7~10년,없음,없음,초급 수준의 교육지원 다양화를 통한 내부역량강화 프로그램 활성화가 되었으면 합니다.,5,5,5,5,5,5,5,5,5,5,5,5,5,5,5,5,5,5,5,5,5,5,5,5,5,5,5,5,5,5,5,5,5,5,5,5,5,5,5,5,5,5,5,5,5,5,5,5,5,5,5,5,5,5,5,5,5,5,5,5,5,5,5,5,5,5,5,5,5,5,5,5,5,5,5,5,5,5,5,5,5,5,5,5,5,5,5,5,5,5,5,5,5,5,5,5,5,5,5,5,5,5,5,5,5,5,5,5,5,5,5,5,5,5,5,5,5,5,5,5,7,7,1,1,7,7,7,7,7,7,7,7,7,7,7,7,7,7,7,7,7,7,7,7,7,7,7,7,7,7,7,7,7,7,7
respondent_045,##########,북부센터,남자,30대,대졸,이학,1-3년,1-3년,없음,없음,없음,4,3,3,3,3,3,4,3,4,3,4,3,4,3,4,3,4,3,4,3,4,3,4,4,4,5,5,5,5,5,3,5,3,3,3,5,2,2,2,2,4,3,5,4,3,3,4,2,3,4,3,4,2,3,1,5,2,3,3,3,5,2,2,2,2,2,4,4,3,2,4,4,4,4,3,3,4,3,3,3,3,2,3,3,2,4,3,3,4,3,2,2,4,4,4,3,3,2,3,4,4,4,4,2,2,2,3,3,3,2,3,4,3,4,4,4,4,4,4,4,5,5,5,5,4,2,4,4,3,3,3,3,4,4,5,5,5,5,2,4,3,2,2,2,3,4,5,3,3,4,4,4,4,4,4
respondent_046,##########,남부센터,남자,30대,대졸,인문,4~6년,4~6년,없음,파이썬,,3,3,4,4,4,4,4,4,4,4,5,5,5,5,5,5,5,5,5,5,4,3,4,4,3,3,3,3,3,3,3,2,4,3,3,3,3,3,2,2,3,3,3,3,3,3,3,3,3,3,4,3,2,3,2,4,4,4,3,3,3,3,3,3,3,3,3,3,3,3,2,3,4,3,4,4,3,3,4,3,2,3,4,4,3,3,3,3,3,4,2,3,2,3,3,2,4,2,3,2,3,4,3,3,4,3,3,2,3,4,3,3,4,4,3,2,3,4,4,3,4,4,3,3,5,5,4,4,4,4,5,4,5,5,5,5,5,5,3,5,5,5,7,7,6,7,7,7,7,7,7,7,7,7,7
respondent_047,##########,남부센터,여자,40대,대졸,인문,1-3년,4~6년,산업기사(초급),없음, ICT분야에 대해 추상적인 개념만 정립되어 있는 상황이여서 좀더 구체적이고 수준을 높일 수 있는 교육이 있으면 좋을 것 같습니다. 그리고 기업지원하다보면 사업화자금 세부내역의 회계처리관련된 의문접들이 생깁니다. 회계/정산등 기본적인 교육도 진행되면 좋을 것 같습니다.,4,4,5,3,4,3,4,3,3,2,4,2,4,4,3,3,2,3,3,2,4,4,3,3,2,3,2,3,4,2,2,2,2,3,2,3,3,3,4,3,4,3,3,2,2,3,2,3,3,2,4,4,2,2,3,2,3,3,4,5,3,2,2,1,3,2,3,3,2,3,4,4,3,4,4,4,2,3,3,3,4,5,4,4,4,4,3,4,3,5,3,4,4,5,2,3,4,3,3,4,5,4,4,4,3,3,4,4,4,2,3,3,2,5,3,4,5,5,3,4,5,6,3,2,6,6,6,5,5,4,5,5,4,5,5,5,5,4,5,5,6,5,5,5,4,4,4,4,5,4,4,5,5,4,4
respondent_048,##########,남부센터,남자,30대,석사,이학,1-3년,7~10년,산업기사(초급),정보통신 ,없음,4,4,4,5,5,4,4,4,4,4,5,4,5,4,5,5,5,5,5,5,4,4,4,5,3,3,4,4,4,4,4,4,5,4,3,3,4,4,2,3,4,3,4,4,4,4,4,4,4,3,4,4,4,2,2,4,2,3,4,5,4,4,3,4,4,4,2,2,3,3,2,2,2,2,2,3,2,2,2,4,4,4,2,2,4,5,3,4,2,4,1,2,4,4,2,3,3,2,2,3,4,4,3,4,4,4,4,4,4,4,5,4,5,4,4,4,4,4,4,4,6,6,3,5,6,6,6,6,7,6,6,7,7,6,6,6,6,6,3,6,6,6,6,6,6,6,4,6,6,6,6,6,6,6,6
respondent_049,##########,남부센터,남자,20대,대졸,인문,1-3년,1-3년,없음,없음,,5,5,4,4,5,3,3,4,4,3,5,3,4,4,4,3,4,4,3,5,4,3,3,3,3,3,3,3,3,3,3,3,3,3,3,3,3,3,3,3,3,3,4,3,3,3,3,3,3,3,3,2,3,3,3,3,3,3,3,3,3,2,3,3,3,2,3,3,3,3,4,4,3,3,3,3,3,3,3,3,3,3,3,3,3,3,3,3,3,3,3,3,3,3,2,3,3,3,3,3,3,3,4,3,3,3,3,3,4,3,3,3,3,3,3,3,3,3,3,4,5,5,4,4,5,4,5,4,4,4,4,6,6,6,6,5,5,4,4,5,4,4,4,4,4,4,4,4,4,4,4,4,4,4,4
respondent_050,##########,연기단,남자,60대,박사,"공학,기타",1-3년,21~25년 ,없음,"정보통신, 파이썬",AI Agent 관련된 프로그래밍 과정이 있으면 받고 싶습니다.,4,4,4,3,4,4,4,5,4,3,5,3,4,4,4,4,4,4,3,5,4,4,3,4,5,3,5,4,4,3,3,3,3,4,4,4,3,3,3,4,4,2,2,2,2,4,3,2,3,2,4,4,2,5,4,3,3,5,4,4,4,3,3,3,3,3,4,4,3,3,4,4,4,4,4,5,2,2,3,2,3,4,2,4,3,2,4,4,4,3,4,4,5,4,5,2,4,4,2,3,4,4,4,4,4,4,4,4,4,3,3,3,4,4,4,4,3,4,4,4,5,5,4,4,5,5,4,4,4,5,3,4,4,4,4,4,3,4,4,4,4,4,4,3,4,3,4,4,4,3,4,4,4,4,4
respondent_051,##########,과기본,남자,40대,대졸,공학,15~20년,4~6년,없음,정보통신 ,"직무능력 향상을 위한 다양한 교육 커리큘럼 및 운영 ( 예) 생성형 AI, 파이썬 … 등)",5,4,4,5,4,5,5,5,4,4,5,5,4,5,4,5,5,4,4,5,5,4,4,5,4,3,4,4,5,4,3,3,3,3,2,2,2,2,2,2,3,3,3,1,1,1,1,1,1,2,4,1,1,1,1,5,1,5,5,5,4,3,3,3,4,3,2,3,3,2,3,3,3,2,1,1,1,1,5,4,3,2,2,3,4,3,3,3,2,4,2,2,3,2,2,1,1,2,4,2,5,5,3,4,4,4,4,4,4,4,4,3,3,4,5,4,3,4,4,4,7,6,7,6,6,5,5,6,5,5,5,5,5,6,7,5,4,5,6,7,6,6,6,5,5,5,4,4,5,4,5,4,4,5,6
respondent_052,##########,경영본부,남자,40대,대졸,인문,21~25년 ,21~25년 ,없음,없음,,5,4,4,3,5,4,3,5,5,4,5,4,4,3,5,4,4,5,4,5,4,4,4,3,4,4,3,3,3,3,3,4,5,4,4,4,4,4,3,4,4,3,3,2,3,3,3,3,3,3,4,3,3,2,2,4,3,4,5,5,3,3,4,3,3,3,3,3,3,3,4,3,4,3,3,3,3,3,4,3,3,3,3,4,3,3,3,3,4,3,3,4,4,4,3,4,3,3,3,3,4,4,4,4,4,4,4,4,3,3,3,4,3,4,3,4,4,4,4,4,6,6,6,6,5,5,6,6,6,5,6,6,5,5,6,4,4,5,5,6,6,6,5,6,5,6,6,4,6,5,5,6,6,5,5
respondent_053,##########,경영본부,남자,60대,석사,공학,1-3년,21~25년 ,기사 (중급),없음,,5,5,4,5,4,5,4,5,4,5,4,4,4,4,5,5,4,5,5,5,4,4,5,5,4,4,5,4,5,5,5,4,4,5,5,4,5,4,5,5,4,4,5,4,5,5,4,5,5,4,2,2,2,2,2,2,1,2,2,2,3,4,4,3,4,3,3,2,3,2,3,3,2,3,4,3,3,3,3,3,4,4,3,4,3,4,4,4,3,4,3,3,3,3,3,4,3,4,2,2,4,4,4,4,4,3,3,4,4,4,3,3,3,3,3,3,3,4,4,4,7,6,3,5,6,5,5,5,6,4,6,6,5,5,4,4,5,5,7,6,7,6,6,5,5,6,6,6,5,6,6,4,5,5,5
respondent_054,##########,문화콘텐츠,여자,40대,석사,인문,15~20년,21~25년 ,없음,없음,입찰 교육,5,5,5,5,5,5,5,5,5,5,5,5,5,5,5,5,5,5,5,5,5,5,5,5,5,5,5,5,5,5,5,5,5,5,5,5,5,5,5,5,5,5,5,5,5,5,5,5,5,5,5,2,3,3,3,2,2,2,2,4,3,3,3,2,4,3,3,4,2,3,2,3,2,1,2,4,2,3,4,4,2,2,1,1,3,3,3,3,4,3,2,4,3,4,2,4,4,3,2,5,5,4,2,4,5,4,4,4,4,4,3,2,4,4,2,4,4,4,4,4,7,7,6,7,7,7,7,7,7,7,7,7,7,6,6,6,6,5,5,7,7,7,7,7,7,7,7,7,7,7,7,7,7,7,7
respondent_055,##########,남부센터,남자,50대,석사,인문,1-3년,21~25년 ,기능사,없음,,5,4,4,4,4,4,4,4,4,4,5,4,4,4,4,4,4,4,4,4,4,4,4,4,3,3,3,4,4,3,3,4,4,3,3,3,3,3,3,3,3,4,3,4,3,3,3,3,3,3,3,3,3,3,3,3,3,4,3,3,4,3,2,3,3,3,3,3,3,3,3,3,3,3,3,3,3,3,3,3,3,3,3,3,3,3,3,3,3,3,3,3,3,3,3,3,3,3,3,3,4,4,3,4,3,4,4,4,4,3,3,3,3,3,3,3,3,3,3,3,6,6,4,4,5,4,5,5,5,5,5,5,5,5,5,5,5,5,5,5,5,5,5,5,6,5,5,5,5,5,5,5,5,5,5
respondent_056,##########,과기본,여자,20대,대졸,기타,1-3년,1-3년,없음,없음,,5,5,5,5,5,5,5,5,5,5,5,5,5,5,5,5,5,5,5,5,5,5,5,5,5,5,5,5,5,5,3,3,3,3,3,3,3,3,3,3,3,3,3,3,3,3,3,3,3,3,3,2,3,3,3,2,3,3,3,3,3,3,3,3,3,2,2,2,4,2,3,3,3,3,3,3,3,3,3,3,2,2,2,2,3,3,3,2,3,3,2,4,5,2,2,2,3,4,3,2,5,5,5,5,5,5,5,5,5,5,5,4,5,5,5,5,5,5,5,5,6,6,4,3,5,4,6,6,4,4,4,6,6,6,6,6,6,6,6,6,6,6,6,6,6,6,4,5,6,6,6,6,6,6,6
